통제분야,통제영역,통제항목,결함수
0. 정보보호관리과정,1. 정보보호 정책수립 및 범위설정,1.1 정보보호정책의 수립,0
0. 정보보호관리과정,1. 정보보호 정책수립 및 범위설정,1.2 범위설정,0
0. 정보보호관리과정,2. 경영진 책임 및 조직구성,2.1 경영진 참여,0
0. 정보보호관리과정,2. 경영진 책임 및 조직구성,2.2 정보보호 조직 구성 및 자원 할당,0
0. 정보보호관리과정,3. 위험관리,3.1 위험관리 방법 및 계획 수립,1
0. 정보보호관리과정,3. 위험관리,3.2 위험 식별 및 평가,5
0. 정보보호관리과정,3. 위험관리,3.3 정보보호대책 선정 및 이행계획 수립,4
0. 정보보호관리과정,4. 정보보호대책 구현,4.1 정보보호대책의 효과적 구현,2
0. 정보보호관리과정,4. 정보보호대책 구현,4.2 내부 공유 및 교육,0
0. 정보보호관리과정,5. 사후관리,5.1 법적요구사항 준수검토,14
0. 정보보호관리과정,5. 사후관리,5.2 정보보호 관리체계 운영현황 관리,1
0. 정보보호관리과정,5. 사후관리,5.3 내부감사,0
1. 정보보호 정책,1.1 정책의 승인 및 공표,1.1.1 정책의 승인,1
1. 정보보호 정책,1.1 정책의 승인 및 공표,1.1.2 정책의 공표,0
1. 정보보호 정책,1.2 정책의 체계,1.2.1 상위 정책과의 연계성,0
1. 정보보호 정책,1.2 정책의 체계,1.2.2 정책시행 문서수립,1
1. 정보보호 정책,1.3 정책의 유지관리,1.3.1 정책의 검토,3
1. 정보보호 정책,1.3 정책의 유지관리,1.3.2 정책문서 관리,0
2. 정보보호 조직,2.1 조직 체계,2.1.1 정보보호 최고책임자 지정,0
2. 정보보호 조직,2.1 조직 체계,2.1.2 실무조직 구성,1
2. 정보보호 조직,2.1 조직 체계,2.1.3 정보보호위원회,1
2. 정보보호 조직,2.2 역할 및 책임,2.2.1 역할 및 책임,0
3. 외부자 보안,3.1 보안 요구사항 정의,3.1.1 외부자 계약 시 보안요구사항,2
3. 외부자 보안,3.2 외부자 보안 이행,3.2.1 외부자 보안 이행 관리,2
3. 외부자 보안,3.2 외부자 보안 이행,3.2.2 외부자 계약 만료 시 보안,0
4. 정보자산 분류,4.1 정보자산 식별 및 책임,4.1.1 정보자산 식별,6
4. 정보자산 분류,4.1 정보자산 식별 및 책임,4.1.2 정보자산별 책임할당,0
4. 정보자산 분류,4.2 정보자산의 분류 및 취급,4.2.1 보안등급과 취급,0
5. 정보보호 교육,5.1 교육 프로그램 수립,5.1.1 교육 계획,0
5. 정보보호 교육,5.1 교육 프로그램 수립,5.1.2 교육 대상,0
5. 정보보호 교육,5.1 교육 프로그램 수립,5.1.3 교육 내용 및 방법,1
5. 정보보호 교육,5.2 교육 시행 및 평가,5.2.1 교육 시행 및 평가,1
6. 인적 보안,6.1 정보보호 책임,6.1.1 주요 직무자 지정 및 감독,0
6. 인적 보안,6.1 정보보호 책임,6.1.2 직무 분리,0
6. 인적 보안,6.1 정보보호 책임,6.1.3 비밀유지서약서,0
6. 인적 보안,6.2 인사규정,6.2.1 퇴직 및 직무변경 관리,0
6. 인적 보안,6.2 인사규정,6.2.2 상벌규정,0
7. 물리적 보안,7.1 물리적 보호구역,7.1.1 보호구역 지정,0
7. 물리적 보안,7.1 물리적 보호구역,7.1.2 보호설비,2
7. 물리적 보안,7.1 물리적 보호구역,7.1.3 보호구역 내 작업,0
7. 물리적 보안,7.1 물리적 보호구역,7.1.4 출입통제,1
7. 물리적 보안,7.1 물리적 보호구역,7.1.5 모바일 기기 반출입,1
7. 물리적 보안,7.2 시스템 보호,7.2.1 케이블 보안,0
7. 물리적 보안,7.2 시스템 보호,7.2.2 시스템 배치 및 관리,0
7. 물리적 보안,7.3 사무실 보안,7.3.1 개인업무 환경 보안,3
7. 물리적 보안,7.3 사무실 보안,7.3.2 공용업무 환경 보안,0
8. 시스템 개발보안,8.1 분석 및 설계 보안관리,8.1.1 보안 요구사항 정의,0
8. 시스템 개발보안,8.1 분석 및 설계 보안관리,8.1.2 인증 및 암호화 기능,0
8. 시스템 개발보안,8.1 분석 및 설계 보안관리,8.1.3 보안로그 기능,0
8. 시스템 개발보안,8.1 분석 및 설계 보안관리,8.1.4 접근권한 기능,0
8. 시스템 개발보안,8.2 구현 및 이관 보안,8.2.1 구현 및 시험,1
8. 시스템 개발보안,8.2 구현 및 이관 보안,8.2.2 개발과 운영 환경 분리,2
8. 시스템 개발보안,8.2 구현 및 이관 보안,8.2.3 운영환경 이관,2
8. 시스템 개발보안,8.2 구현 및 이관 보안,8.2.4 시험데이터 보안,2
8. 시스템 개발보안,8.2 구현 및 이관 보안,8.2.5 소스 프로그램 보안,4
8. 시스템 개발보안,8.3 외주개발보안,8.3.1 외주개발보안,0
9. 암호통제,9.1 암호 정책,9.1.1 암호 정책 수립,3
9. 암호통제,9.2 암호키 관리,9.2.1 암호키 생성 및 이용,1
10. 접근통제,10.1 접근통제 정책,10.1.1 접근통제 정책 수립,0
10. 접근통제,10.2 접근권한 관리,10.2.1 사용자 등록 및 권한부여,0
10. 접근통제,10.2 접근권한 관리,10.2.2 관리자 및 특수 권한 관리,2
10. 접근통제,10.2 접근권한 관리,10.2.3 접근권한 검토,9
10. 접근통제,10.3 사용자 인증 및 식별,10.3.1 사용자 인증,2
10. 접근통제,10.3 사용자 인증 및 식별,10.3.2 사용자 식별,1
10. 접근통제,10.3 사용자 인증 및 식별,10.3.3 사용자 패스워드 관리,5
10. 접근통제,10.3 사용자 인증 및 식별,10.3.4 이용자 패스워드 관리,0
10. 접근통제,10.4 접근통제 영역,10.4.1 네트워크 접근,7
10. 접근통제,10.4 접근통제 영역,10.4.2 서버 접근,7
10. 접근통제,10.4 접근통제 영역,10.4.3 응용 프로그램 접근,7
10. 접근통제,10.4 접근통제 영역,10.4.4 데이터 베이스 접근,4
10. 접근통제,10.4 접근통제 영역,10.4.5 모바일 기기 접근,0
10. 접근통제,10.4 접근통제 영역,10.4.6 인터넷 접속,5
11. 운영보안,11.1 운영절차 및 변경관리,11.1.1 운영절차 수립,0
11. 운영보안,11.1 운영절차 및 변경관리,11.1.2 변경관리,0
11. 운영보안,11.2 시스템 및 서비스 운영보안,11.2.1 정보 시스템 인수,0
11. 운영보안,11.2 시스템 및 서비스 운영보안,11.2.2 보안 시스템 운영,19
11. 운영보안,11.2 시스템 및 서비스 운영보안,11.2.3 성능 및 용량관리,0
11. 운영보안,11.2 시스템 및 서비스 운영보안,11.2.4 장애관리,0
11. 운영보안,11.2 시스템 및 서비스 운영보안,11.2.5 원격운영관리,4
11. 운영보안,11.2 시스템 및 서비스 운영보안,11.2.6 스마트워크 보안,0
11. 운영보안,11.2 시스템 및 서비스 운영보안,11.2.7 무선네트워크 보안,0
11. 운영보안,11.2 시스템 및 서비스 운영보안,11.2.8 공개서버 보안,0
11. 운영보안,11.2 시스템 및 서비스 운영보안,11.2.9 백업관리,1
11. 운영보안,11.2 시스템 및 서비스 운영보안,11.2.10 취약점 점검,3
11. 운영보안,11.3 전자거래 및 정보전송 보안,11.3.1 전자거래 보안,0
11. 운영보안,11.3 전자거래 및 정보전송 보안,11.3.2 정보전송 정책 수립 및 협약 체결,0
11. 운영보안,11.4 매체 보안,11.4.1 정보시스템 저장매체 관리,0
11. 운영보안,11.4 매체 보안,11.4.2 휴대용 저장매체 관리,0
11. 운영보안,11.5 악성코드 관리,11.5.1 악성코드 통제,4
11. 운영보안,11.5 악성코드 관리,11.5.2 패치관리,10
11. 운영보안,11.6 로그관리 및 모니터링,11.6.1 시각 동기화,1
11. 운영보안,11.6 로그관리 및 모니터링,11.6.2 로그기록 및 보존,4
11. 운영보안,11.6 로그관리 및 모니터링,11.6.3 접근 및 사용 모니터링,5
11. 운영보안,11.6 로그관리 및 모니터링,11.6.4 침해시도 모니터링,0
12. 침해사고 관리,12.1 절차 및 체계,12.1.1 침해사고 대응절차 수립,0
12. 침해사고 관리,12.1 절차 및 체계,12.1.2 침해사고 대응체계 구축,0
12. 침해사고 관리,12.2 대응 및 복구,12.2.1 침해사고 훈련,0
12. 침해사고 관리,12.2 대응 및 복구,12.2.2 침해사고 보고,0
12. 침해사고 관리,12.2 대응 및 복구,12.2.3 침해사고 처리 및 복구,0
12. 침해사고 관리,12.3 사후관리,12.3.1 침해사고 분석 및 공유,0
12. 침해사고 관리,12.3 사후관리,12.3.2 재발방지,0
13. IT 재해복구,13.1 체계 구축,13.1.1 IT 재해복구 체계 구축,0
13. IT 재해복구,13.2 대책 구현,13.2.1 영향분석에 따른 복구대책 수립,0
13. IT 재해복구,13.2 대책 구현,13.2.2 시험 및 유지관리,1
1. 관리체계 수립,1.1 정책 및 범위,1.1.1 정책의 수립,0
1. 관리체계 수립,1.1 정책 및 범위,1.1.2 정책의 유지관리,0
1. 관리체계 수립,1.1 정책 및 범위,1.1.3 범위설정,0
1. 관리체계 수립,1.2 경영진의 책임,1.2.1 경영진의 참여,0
1. 관리체계 수립,1.3 조직,1.3.1 개인정보보호(관리)책임자의 지정,0
1. 관리체계 수립,1.3 조직,1.3.2 조직의 구성,0
1. 관리체계 수립,1.3 조직,1.3.3 역할 및 책임,0
2. 실행 및 운영,2.1 개인정보 식별,2.1.1 개인정보 식별,0
2. 실행 및 운영,2.1 개인정보 식별,2.1.2 개인정보 흐름 파악,0
2. 실행 및 운영,2.2 위험관리,2.2.1 위험관리 방법 및 계획 수립,0
2. 실행 및 운영,2.2 위험관리,2.2.2 위험식별 및 평가,0
2. 실행 및 운영,2.2 위험관리,2.2.3 이행계획 수립 및 보호대책 구현,0
3. 검토 및 모니터링,3.1 개인정보보호 체계의 검토,3.1.1 법적요구사항 준수검토,0
3. 검토 및 모니터링,3.1 개인정보보호 체계의 검토,3.1.2 내부 감사,0
4. 교정 및 개선,4.1 교정 및 개선활동,4.1.1 개인정보보호 개선 활동,0
4. 교정 및 개선,4.2 내부공유 및 교육,4.2.1 내부 공유 및 교육,0
5. 개인정보 생명주기 관리,5.1 개인정보 수집시 보호조치,5.1.1 개인정보 수집 제한,0
5. 개인정보 생명주기 관리,5.1 개인정보 수집시 보호조치,5.1.2 정보주체의 동의,0
5. 개인정보 생명주기 관리,5.1 개인정보 수집시 보호조치,5.1.3 법정대리인 동의 및 고지,0
5. 개인정보 생명주기 관리,5.1 개인정보 수집시 보호조치,5.1.4 민감정보 및 고유 식별정보의 수집 제한,0
5. 개인정보 생명주기 관리,5.1 개인정보 수집시 보호조치,5.1.5 주민등록번호 수집·이용 제한,0
5. 개인정보 생명주기 관리,5.1 개인정보 수집시 보호조치,5.1.6 주민등록번호 대체수단,0
5. 개인정보 생명주기 관리,5.1 개인정보 수집시 보호조치,5.1.7 간접수집 보호조치,0
5. 개인정보 생명주기 관리,5.1 개인정보 수집시 보호조치,5.1.8 개인정보처리(취급)방침,0
5. 개인정보 생명주기 관리,5.2 개인정보 이용 및 제공,5.2.1 개인정보 제3자 제공,0
5. 개인정보 생명주기 관리,5.2 개인정보 이용 및 제공,5.2.2 제공받은 개인정보의 관리,0
5. 개인정보 생명주기 관리,5.2 개인정보 이용 및 제공,5.2.3 개인정보 목적 외 이용 및 제공,0
5. 개인정보 생명주기 관리,5.2 개인정보 이용 및 제공,5.2.4 개인정보의 이전,0
5. 개인정보 생명주기 관리,5.3 개인정보 보유 시 보호조치,5.3.1 개인정보 품질 보장,0
5. 개인정보 생명주기 관리,5.3 개인정보 보유 시 보호조치,5.3.2 개인정보 파일관리,0
5. 개인정보 생명주기 관리,5.4 개인정보 파기 시 보호조치,5.4.1 개인정보 파기 규정 및 절차,0
5. 개인정보 생명주기 관리,5.4 개인정보 파기 시 보호조치,5.4.2 개인정보의 파기,0
6. 정보주체 권리보장,6.1 권리보장,6.1.1 개인정보 열람,0
6. 정보주체 권리보장,6.1 권리보장,6.1.2 개인정보정정·삭제,0
6. 정보주체 권리보장,6.1 권리보장,6.1.3 개인정보 처리 정지,0
6. 정보주체 권리보장,6.1 권리보장,6.1.4 권리행사의 방법 및 절차,0
7. 관리적 보호조치,7.1 교육 및 훈련,7.1.1 교육 및 훈련 시행·평가,0
7. 관리적 보호조치,7.2 개인정보취급자 관리,7.2.1 개인정보 취급자 감독,0
7. 관리적 보호조치,7.2 개인정보취급자 관리,7.2.2 보안 서약서,0
7. 관리적 보호조치,7.2 개인정보취급자 관리,7.2.3 퇴직 및 직무변경 관리,0
7. 관리적 보호조치,7.3 위탁업무 관리,7.3.1 외부 위탁 계약,0
7. 관리적 보호조치,7.3 위탁업무 관리,7.3.2 정보주체 고지,0
7. 관리적 보호조치,7.3 위탁업무 관리,7.3.3 위탁자 관리·감독,0
7. 관리적 보호조치,7.4 침해사고 관리,7.4.1 침해사고 대응절차 및 체계구축,0
7. 관리적 보호조치,7.4 침해사고 관리,7.4.2 침해사고 훈련 및 개선,0
7. 관리적 보호조치,7.4 침해사고 관리,7.4.3 침해사고 대응,0
8. 기술적 보호조치,8.1 접근권한 관리,8.1.1 접근통제 정책 수립,0
8. 기술적 보호조치,8.1 접근권한 관리,8.1.2 개인정보취급자 등록,0
8. 기술적 보호조치,8.1 접근권한 관리,8.1.3 개인정보취급자 권한관리,0
8. 기술적 보호조치,8.1 접근권한 관리,8.1.4 특수권한 관리,1
8. 기술적 보호조치,8.1 접근권한 관리,8.1.5 개인정보취급자 접근권한 검토,0
8. 기술적 보호조치,8.1 접근권한 관리,8.1.6 개인정보취급자 인증 및 식별,0
8. 기술적 보호조치,8.1 접근권한 관리,8.1.7 비밀번호 관리,1
8. 기술적 보호조치,8.2 접속기록 관리,8.2.1 개인정보처리시스템 접속기록 관리,0
8. 기술적 보호조치,8.2 접속기록 관리,8.2.2 접속기록 모니터링,0
8. 기술적 보호조치,8.3 접근통제 영역관리,8.3.1 네트워크 접근,0
8. 기술적 보호조치,8.3 접근통제 영역관리,8.3.2 서버 접근,1
8. 기술적 보호조치,8.3 접근통제 영역관리,8.3.3 응용 프로그램 접근,0
8. 기술적 보호조치,8.3 접근통제 영역관리,8.3.4 데이터 베이스 접근,0
8. 기술적 보호조치,8.3 접근통제 영역관리,8.3.5 원격 운영접근,0
8. 기술적 보호조치,8.3 접근통제 영역관리,8.3.6 인터넷 접속 통제,0
8. 기술적 보호조치,8.4 운영보안,8.4.1 운영절차 수립,0
8. 기술적 보호조치,8.4 운영보안,8.4.2 직무분리,0
8. 기술적 보호조치,8.4 운영보안,8.4.3 악성코드 통제,0
8. 기술적 보호조치,8.4 운영보안,8.4.4 취약점 점검,0
8. 기술적 보호조치,8.4 운영보안,8.4.5 개인정보 표시제한,0
8. 기술적 보호조치,8.4 운영보안,8.4.6 보안 시스템 설치·운용,1
8. 기술적 보호조치,8.4 운영보안,8.4.7 공개 서버 보안,0
8. 기술적 보호조치,8.4 운영보안,8.4.8 모바일 기기 관리,0
8. 기술적 보호조치,8.4 운영보안,8.4.9 백업 관리,0
8. 기술적 보호조치,8.4 운영보안,8.4.10 패치 관리,1
8. 기술적 보호조치,8.5 암호화 통제,8.5.1 암호화 정책 수립,0
8. 기술적 보호조치,8.5 암호화 통제,8.5.2 암호화 적용,0
8. 기술적 보호조치,8.6 개발 보안,8.6.1 개인정보 영향평가,0
8. 기술적 보호조치,8.6 개발 보안,8.6.2 개발 시 보안조치,0
8. 기술적 보호조치,8.6 개발 보안,8.6.3 개발과 운영환경 분리,0
8. 기술적 보호조치,8.6 개발 보안,8.6.4 시험 데이터 및 소스 프로그램 보안,0
8. 기술적 보호조치,8.6 개발 보안,8.6.5 외주개발 보안,0
9. 물리적 보호조치,9.1 영상정보처리기기 관리,9.1.1 영상정보처리기기 설치·운영 제한,0
9. 물리적 보호조치,9.1 영상정보처리기기 관리,9.1.2 영상정보처리기기설치·운영 사무의 위탁 관리,0
9. 물리적 보호조치,9.2 물리적 보안관리,9.2.1 보호구역의 지정 및 관리,0
9. 물리적 보호조치,9.2 물리적 보안관리,9.2.2 출입통제 및 사무실 보안,0
9. 물리적 보호조치,9.2 물리적 보안관리,9.2.3 개인업무 환경 보안,0
9. 물리적 보호조치,9.3 매체 관리,9.3.1 개인정보처리시스템 저장매체 관리,0
9. 물리적 보호조치,9.3 매체 관리,9.3.2 휴대용 저장매체 관리,0
9. 물리적 보호조치,9.3 매체 관리,9.3.3 이동 컴퓨팅관리,0
